{
  "kind": "causal",
  "revision": "main",
  "max_pairs": 240,
  "seed": 2026,
  "sizes": {
    "70m": {
      "n_layers": 6,
      "n_pairs": 176,
      "curve": [
        1.0470395923520923,
        1.0328846500721498,
        0.7133860930735924,
        0.5770134379509376,
        0.5356691919191917,
        0.0
      ],
      "causal_depth": 0.3242900831569869,
      "peak_layer": 0
    },
    "160m": {
      "n_layers": 12,
      "n_pairs": 176,
      "curve": [
        1.0018745520592551,
        0.988020687378185,
        0.947346269356718,
        0.7851216682217775,
        0.7692498781279388,
        0.5611135545174561,
        0.2696829661546977,
        0.2700602167450165,
        0.26752897830134487,
        0.18105313659840636,
        0.17093450241318228,
        0.0
      ],
      "causal_depth": 0.29427301851561494,
      "peak_layer": 0
    },
    "410m": {
      "n_layers": 24,
      "n_pairs": 176,
      "curve": [
        1.0049431282248744,
        1.007559508477639,
        1.006493982317547,
        1.0032768388146236,
        0.9944597885890301,
        0.8963849567041287,
        0.8960442005335636,
        0.8827958887808365,
        0.8587721295530325,
        0.8471266053285018,
        0.7283394636413303,
        0.728175412873457,
        0.7237480473520328,
        0.6596864409553033,
        0.6622425366262333,
        0.6622686139162739,
        0.6625849948288495,
        0.6598525207843706,
        0.6603827499865219,
        0.6207213464242669,
        0.6224113219849932,
        0.6229492925908495,
        -0.0007948779495974713,
        0.0
      ],
      "causal_depth": 0.40785683184256244,
      "peak_layer": 1
    },
    "1b": {
      "n_layers": 16,
      "n_pairs": 176,
      "curve": [
        1.0000004453247178,
        0.9890874347688065,
        0.9617485216705994,
        0.7941492071738356,
        0.7859893662377708,
        0.7548410247336611,
        0.7187825465863503,
        0.679178887677862,
        0.6752274931679841,
        0.6553745544332654,
        0.6620360842523032,
        0.656504569475371,
        0.6568613600713508,
        0.11193287609583559,
        0.10474669345253326,
        0.0
      ],
      "causal_depth": 0.37379042730427237,
      "peak_layer": 0
    },
    "1.4b": {
      "n_layers": 24,
      "n_pairs": 176,
      "curve": [
        1.0007474816721504,
        0.974607635880674,
        0.9743278494836257,
        0.9533262575669199,
        0.9282144949359025,
        0.8001512262459929,
        0.7866058594507873,
        0.7838290380469874,
        0.7468297431695334,
        0.7490115806936459,
        0.7252944412100809,
        0.7219180285485419,
        0.6948918275072825,
        0.6963241744940318,
        0.6950803184987157,
        0.6886322491076347,
        0.6887654654160479,
        0.6892987918815622,
        0.6829681076454706,
        0.5874891151421965,
        0.5763893195816517,
        0.5801639174766495,
        0.0039444328396435946,
        0.0
      ],
      "causal_depth": 0.41338901143020207,
      "peak_layer": 0
    }
  }
}